y_true,y_proba,y_proba_calibrated
0,0.6471834182739258,0.5555555820465088
1,0.87197345495224,0.8559049367904663
0,0.7160756587982178,0.7058823704719543
0,0.4291154444217682,0.5060241222381592
0,0.7194733023643494,0.7058823704719543
0,0.8090673089027405,1.0
0,0.7053970694541931,0.6578947305679321
1,0.8681315779685974,0.8541666865348816
0,0.8833801746368408,1.0
1,0.5671613812446594,0.3448275923728943
0,0.06792991608381271,0.0
0,0.6088548898696899,0.5
0,0.21090981364250183,0.0
0,0.3789864182472229,0.08465608209371567
0,0.2025846689939499,0.0
0,0.31276145577430725,0.014925372786819935
0,0.6953489780426025,0.6116505265235901
0,0.27238720655441284,0.012048192322254181
1,0.707825243473053,0.8113207817077637
0,0.10405012220144272,0.0
0,0.4562356472015381,0.1428571492433548
0,0.5222162008285522,0.4464285671710968
1,0.1565932035446167,0.0
0,0.03337785229086876,0.0
0,0.6855452060699463,0.6666666865348816
0,0.39453455805778503,0.057851240038871765
1,0.5243644714355469,0.3333333432674408
1,0.7615771889686584,0.7250000238418579
0,0.30907443165779114,0.12068965286016464
0,0.12921252846717834,0.0
0,0.20258960127830505,0.06451612710952759
0,0.5427101254463196,0.2976190447807312
1,0.5969974994659424,0.3827160596847534
0,0.26683491468429565,0.0
0,0.5221778750419617,0.32549020648002625
0,0.40447407960891724,0.0555555559694767
0,0.5396475791931152,0.28985509276390076
0,0.5654174089431763,0.4545454680919647
0,0.18972446024417877,0.0
0,0.17300035059452057,0.0
0,0.34871503710746765,0.1599999964237213
1,0.4982045590877533,0.40883979201316833
0,0.034437183290719986,0.0
0,0.13447602093219757,0.007017544005066156
1,0.3181248605251312,0.0555555559694767
0,0.765428900718689,0.737864077091217
1,0.386827677488327,0.260869562625885
0,0.634837806224823,0.6145251393318176
0,0.5902793407440186,0.44230765104293823
0,0.7369832396507263,0.7250000238418579
0,0.025185806676745415,0.0
0,0.5053679347038269,0.26923078298568726
0,0.7857608199119568,0.7692307829856873
0,0.36666175723075867,0.18238992989063263
0,0.17994394898414612,0.0
0,0.11838240921497345,0.007017544005066156
0,0.21542464196681976,0.0
0,0.48407241702079773,0.09090909361839294
0,0.2279776632785797,0.023391813039779663
1,0.48030272126197815,0.12598425149917603
0,0.7713008522987366,0.8837209343910217
1,0.5185621380805969,0.6349206566810608
1,0.6936113834381104,0.6116505265235901
1,0.7484844326972961,0.737864077091217
1,0.8639626502990723,0.9767441749572754
0,0.8760785460472107,0.8571428656578064
1,0.6076903343200684,0.5514019131660461
1,0.57628333568573,0.46391749382019043
0,0.4338838458061218,0.07500000298023224
1,0.7061302661895752,0.682539701461792
1,0.6047888994216919,0.380952388048172
0,0.4587176442146301,0.25
0,0.12620756030082703,0.0
0,0.08584294468164444,0.0
0,0.22227071225643158,0.028708133846521378
0,0.3682446777820587,0.06779661029577255
0,0.2445625215768814,0.0892857164144516
1,0.27432653307914734,0.012048192322254181
0,0.21630948781967163,0.0
0,0.2546548545360565,0.028708133846521378
0,0.4647483825683594,0.1666666716337204
0,0.2823559641838074,0.028708133846521378
0,0.4496796727180481,0.40883979201316833
0,0.6340025067329407,0.5697674751281738
0,0.26684901118278503,0.0555555559694767
0,0.46977517008781433,0.5697673559188843
0,0.13294215500354767,0.0
0,0.3902158737182617,0.05932203307747841
0,0.0874079167842865,0.0
1,0.21924196183681488,0.0892857164144516
0,0.1644624024629593,0.0
0,0.2649141550064087,0.10769230872392654
0,0.18233722448349,0.0
0,0.27649226784706116,0.0555555559694767
1,0.7791355848312378,0.7191010117530823
1,0.41134604811668396,0.5060241222381592
1,0.46831363439559937,0.32549020648002625
0,0.22414171695709229,0.0892857164144516
1,0.598555326461792,0.440000057220459
0,0.23541271686553955,0.0
0,0.26493245363235474,0.0555555559694767
1,0.6454011797904968,0.584905743598938
0,0.18128950893878937,0.0
0,0.13278749585151672,0.0
0,0.3523848056793213,0.08064515888690948
0,0.359672486782074,0.05226480960845947
0,0.5681629776954651,0.290909081697464
0,0.1264965832233429,0.0
1,0.3600587844848633,0.1599999964237213
0,0.23769663274288177,0.01764705963432789
0,0.28020715713500977,0.028708133846521378
1,0.8993018865585327,1.0
1,0.6162185668945312,0.5
0,0.29569026827812195,0.0
1,0.32797476649284363,0.2112676054239273
0,0.30508673191070557,0.0
0,0.3397555351257324,0.04494382068514824
0,0.2459103763103485,0.028708133846521378
0,0.45058539509773254,0.05226480960845947
0,0.15718628466129303,0.0
0,0.24518223106861115,0.0
0,0.3760482370853424,0.08771929889917374
1,0.7943691611289978,0.7692307829856873
1,0.4768017530441284,0.5697673559188843
1,0.7660402655601501,0.75
0,0.4463772177696228,0.07500000298023224
0,0.7767232060432434,0.7191010117530823
0,0.4855276048183441,0.24390244483947754
0,0.6691383719444275,0.6329113841056824
0,0.10500005632638931,0.0
0,0.6199885010719299,0.5
1,0.6807451248168945,0.682539701461792
0,0.6727120280265808,0.4791666567325592
0,0.6149630546569824,0.5411508083343506
0,0.6638134717941284,0.6071428656578064
0,0.43812182545661926,0.07692307978868484
0,0.3804221451282501,0.09836065769195557
0,0.515876829624176,0.24390244483947754
0,0.31469354033470154,0.12068965286016464
0,0.5537790656089783,0.2976190447807312
0,0.5065751075744629,0.32549020648002625
1,0.4545260965824127,0.40883979201316833
0,0.44397738575935364,0.23728813230991364
0,0.47526565194129944,0.2500000298023224
1,0.6193796396255493,0.5
1,0.7766285538673401,0.7674418687820435
0,0.24281540513038635,0.0
0,0.32661426067352295,0.0625
0,0.7300995588302612,0.6428571343421936
1,0.33441516757011414,0.021978022530674934
0,0.3135184347629547,0.0
1,0.4028364419937134,0.10810811072587967
1,0.6711544394493103,0.6329113841056824
0,0.7356178164482117,0.6944444179534912
0,0.035593125969171524,0.0
0,0.48021793365478516,0.3361344635486603
0,0.3303055763244629,0.0555555559694767
1,0.5051074624061584,0.40883979201316833
0,0.14823302626609802,0.0
0,0.14743155241012573,0.0
0,0.12986478209495544,0.0
0,0.1450382024049759,0.0
0,0.2961442470550537,0.0416666679084301
1,0.780840277671814,0.8837209343910217
0,0.11316592246294022,0.0
1,0.4349607229232788,0.11538461595773697
1,0.6522974371910095,0.5555555820465088
0,0.26350998878479004,0.0
0,0.1572510153055191,0.011695906519889832
0,0.3208487927913666,0.12068965286016464
0,0.3407256305217743,0.1599999964237213
0,0.08940699696540833,0.0
0,0.649048388004303,0.4761904776096344
1,0.5003955960273743,0.24390244483947754
0,0.21318326890468597,0.023391813039779663
0,0.17806564271450043,0.022058824077248573
0,0.13127215206623077,0.0
0,0.1159355416893959,0.007017544005066156
0,0.2429182380437851,0.028708133846521378
0,0.5294573307037354,0.46391749382019043
0,0.3431225121021271,0.1599999964237213
1,0.38297316431999207,0.0555555559694767
1,0.6527084112167358,0.584905743598938
1,0.5574319362640381,0.5
0,0.14525048434734344,0.0
1,0.49774929881095886,0.28985506296157837
1,0.6414831280708313,0.6666666865348816
0,0.33434373140335083,0.0714285746216774
0,0.3067210912704468,0.00803212821483612
0,0.3437483012676239,0.0555555559694767
1,0.5286518335342407,0.46391749382019043
0,0.25482821464538574,0.0555555559694767
0,0.2946866452693939,0.19230769574642181
0,0.14743687212467194,0.0
0,0.3368290662765503,0.125
0,0.5966646075248718,0.3827160596847534
0,0.39012274146080017,0.05932203307747841
1,0.51946622133255,0.32549020648002625
0,0.2525407075881958,0.02469135820865631
0,0.7151039242744446,0.6578947305679321
0,0.30320000648498535,0.00803212821483612
0,0.46705305576324463,0.32549020648002625
1,0.47733956575393677,0.32549020648002625
0,0.4544520080089569,0.5697673559188843
0,0.6953583359718323,0.682539701461792
0,0.5060638785362244,0.13333334028720856
0,0.33551880717277527,0.05741368606686592
0,0.3943520188331604,0.09836065769195557
0,0.6380185484886169,0.9113923907279968
0,0.4606524407863617,0.07692307978868484
0,0.10861943662166595,0.0
0,0.04557809978723526,0.0
1,0.4253745377063751,0.09375
0,0.27689191699028015,0.014925372786819935
0,0.8237119913101196,0.8666666746139526
0,0.4142763912677765,0.0625
0,0.04899122938513756,0.0
0,0.07792988419532776,0.0
0,0.26580333709716797,0.012048192322254181
0,0.43330320715904236,0.145454540848732
0,0.19491305947303772,0.009049774147570133
0,0.43116316199302673,0.17741934955120087
0,0.6819303631782532,0.6329113841056824
0,0.5737756490707397,0.5426356792449951
0,0.4060550928115845,0.05932203307747841
0,0.8001481890678406,0.8536585569381714
0,0.5299238562583923,0.44230765104293823
0,0.14090193808078766,0.0
0,0.17368872463703156,0.022058824077248573
1,0.7692773342132568,0.8492063283920288
1,0.7874096632003784,0.7674418687820435
0,0.29199790954589844,0.0625
0,0.5977942943572998,0.560693621635437
0,0.6270297169685364,0.5514019131660461
1,0.5238751173019409,0.2222222238779068
0,0.33375439047813416,0.0625
0,0.10219291597604752,0.0
0,0.4696365296840668,0.145454540848732
0,0.1754778027534485,0.007352941203862429
0,0.30759939551353455,0.07975459843873978
0,0.36597979068756104,0.08064515888690948
0,0.18157821893692017,0.0
0,0.19819766283035278,0.0
0,0.08925708383321762,0.0
0,0.28306350111961365,0.02469135820865631
0,0.1990087330341339,0.007352941203862429
0,0.30009812116622925,0.012048192322254181
0,0.5457868576049805,0.2976190447807312
0,0.254863977432251,0.0
1,0.07814104855060577,0.0
0,0.05807478353381157,0.0
0,0.23037929832935333,0.0
0,0.47178855538368225,0.1666666716337204
1,0.5896607637405396,0.46391749382019043
0,0.31219565868377686,0.0
0,0.12413111329078674,0.0
0,0.44301342964172363,0.11538461595773697
0,0.13608920574188232,0.007017544005066156
1,0.20751039683818817,0.0
0,0.27055472135543823,0.10769230872392654
0,0.24744631350040436,0.009049774147570133
0,0.4555722177028656,0.1428571492433548
0,0.33589375019073486,0.020408162847161293
0,0.5657732486724854,0.290909081697464
0,0.17636434733867645,0.0
1,0.610882043838501,0.5
1,0.6825663447380066,0.6329113841056824
1,0.6801677346229553,0.7560975551605225
0,0.35279610753059387,0.08465608209371567
0,0.2676607370376587,0.07975459843873978
0,0.45575329661369324,0.11764705926179886
0,0.5310541987419128,0.27272728085517883
1,0.32519030570983887,0.2112676054239273
0,0.0687895193696022,0.0
0,0.2174418866634369,0.04672897234559059
0,0.4034860134124756,0.05932203307747841
1,0.18451592326164246,0.022058824077248573
1,0.6433181166648865,0.584905743598938
0,0.4147756099700928,0.10810811072587967
0,0.2330053448677063,0.028708133846521378
1,0.3432566225528717,0.08064515888690948
0,0.03932473435997963,0.0
0,0.44345182180404663,0.5060241222381592
0,0.26245826482772827,0.0555555559694767
0,0.5636181235313416,0.7419354915618896
0,0.28059494495391846,0.0
0,0.3763572573661804,0.057851240038871765
1,0.3391490578651428,0.04494382068514824
0,0.28587573766708374,0.02469135820865631
0,0.1057647317647934,0.0
0,0.0835203304886818,0.0
0,0.26768532395362854,0.10769230872392654
0,0.18457302451133728,0.0
0,0.23384298384189606,0.022727273404598236
0,0.20784184336662292,0.0
0,0.1598331332206726,0.011695906519889832
0,0.18586741387844086,0.0
0,0.08603721857070923,0.0
1,0.8173782229423523,1.0
1,0.8406271934509277,1.0
0,0.3328443765640259,0.0714285746216774
1,0.2693684995174408,0.0
0,0.44902199506759644,0.20000000298023224
0,0.4954432249069214,0.09090909361839294
0,0.2261558473110199,0.01764705963432789
0,0.5567223429679871,0.44230765104293823
0,0.1739499568939209,0.022058824077248573
1,0.4504390358924866,0.145454540848732
0,0.22734345495700836,0.0
1,0.3955489695072174,0.18238992989063263
0,0.5829710960388184,0.440000057220459
0,0.36184927821159363,0.02777777798473835
0,0.2603529095649719,0.0
1,0.35242679715156555,0.2112676054239273
0,0.3972921073436737,0.10810811072587967
0,0.1612062305212021,0.0
0,0.11435630917549133,0.0
0,0.3749397099018097,0.18238992989063263
0,0.07192806899547577,0.0
0,0.18829503655433655,0.0
0,0.4813782870769501,0.2500000298023224
0,0.29979366064071655,0.00803212821483612
0,0.47947803139686584,0.23076923191547394
0,0.22192826867103577,0.0892857164144516
0,0.389656662940979,0.18238992989063263
0,0.6654179096221924,0.4791666567325592
0,0.5160223245620728,0.4464285671710968
0,0.6444149017333984,0.4268292784690857
1,0.7081538438796997,0.682539701461792
0,0.3605089485645294,0.25
1,0.8154756426811218,0.9692307710647583
0,0.13183841109275818,0.008130080997943878
0,0.40241268277168274,0.10810811072587967
0,0.12572838366031647,0.0
0,0.22046804428100586,0.04672897234559059
1,0.23384688794612885,0.04672897234559059
0,0.3319869041442871,0.00803212821483612
0,0.7604977488517761,0.7191010117530823
1,0.667150616645813,0.4791666567325592
0,0.3240766227245331,0.021978022530674934
0,0.07363353669643402,0.0
0,0.2446458339691162,0.0892857164144516
0,0.2985520362854004,0.00803212821483612
0,0.6471008658409119,0.4268292784690857
0,0.6772050261497498,0.6018518805503845
1,0.7075108885765076,0.6578947305679321
0,0.5076366066932678,0.12598425149917603
0,0.44505080580711365,0.20000000298023224
0,0.35844480991363525,0.2112676054239273
0,0.2080586850643158,0.007352941203862429
0,0.10501087456941605,0.0
0,0.40607595443725586,0.0555555559694767
1,0.3298414945602417,0.125
0,0.4013347029685974,0.15789473056793213
1,0.18482132256031036,0.03333333507180214
0,0.4590592384338379,0.07692307978868484
1,0.2848688066005707,0.014925372786819935
0,0.12311761826276779,0.0
0,0.8354493379592896,0.8518518805503845
0,0.31086209416389465,0.014925372786819935
1,0.42809852957725525,0.5060241222381592
1,0.5193759799003601,0.3194444477558136
0,0.7365735769271851,0.7203390002250671
1,0.4807051122188568,0.3361344635486603
0,0.51348876953125,0.3361344635486603
0,0.2885485887527466,0.0625
0,0.5129628777503967,0.32549020648002625
0,0.3112671375274658,0.00803212821483612
0,0.5480215549468994,0.46391749382019043
0,0.42305439710617065,0.19117647409439087
1,0.597760796546936,0.46391749382019043
0,0.533963143825531,0.2976190447807312
1,0.42674753069877625,0.5060241222381592
0,0.5978389382362366,0.8115941882133484
0,0.4814077615737915,0.07692307978868484
1,0.5643355250358582,0.38775506615638733
1,0.35019001364707947,0.1599999964237213
0,0.42482370138168335,0.5060241222381592
1,0.4089743196964264,0.18238992989063263
1,0.6196191310882568,0.5
0,0.5395888686180115,0.46391749382019043
0,0.7064012289047241,0.6428571343421936
0,0.7441142201423645,0.737864077091217
0,0.6556804180145264,0.584905743598938
0,0.46502912044525146,0.12598425149917603
0,0.34584614634513855,0.0714285746216774
0,0.33624592423439026,0.0625
0,0.3544642925262451,0.08064515888690948
0,0.4302431046962738,0.05226480960845947
1,0.7774307131767273,0.7894737124443054
0,0.7058883905410767,0.682539701461792
0,0.17358170449733734,0.007352941203862429
1,0.5741764903068542,0.560693621635437
1,0.550027072429657,0.560693621635437
0,0.32661449909210205,0.0625
1,0.21288883686065674,0.0
1,0.5769060254096985,0.3827160596847534
1,0.5499546527862549,0.2976190447807312
1,0.7532209753990173,0.8492063283920288
0,0.25839337706565857,0.0
0,0.4365966022014618,0.19117647409439087
1,0.5812784433364868,0.4838709533214569
0,0.13926100730895996,0.0
0,0.284450888633728,0.01764705963432789
0,0.025585303083062172,0.0
0,0.4857889711856842,0.12598425149917603
0,0.22496923804283142,0.009049774147570133
0,0.14349478483200073,0.0
0,0.3085363507270813,0.014925372786819935
1,0.16317641735076904,0.0
1,0.3632228374481201,0.08465608209371567
0,0.1683797687292099,0.0
1,0.668861448764801,0.4791666567325592
0,0.6040586233139038,0.3827160596847534
0,0.4582630693912506,0.11764705926179886
0,0.3334182798862457,0.00803212821483612
0,0.2669832408428192,0.012048192322254181
1,0.19816894829273224,0.023391813039779663
1,0.42492952942848206,0.19117647409439087
0,0.3751569986343384,0.08064515888690948
0,0.16409553587436676,0.0
0,0.32183757424354553,0.014925372786819935
0,0.4243822991847992,0.05932203307747841
0,0.3039596676826477,0.0625
0,0.2888084650039673,0.19230769574642181
0,0.18479564785957336,0.0
0,0.1518414318561554,0.0
1,0.5237528681755066,0.6349206566810608
0,0.1050802618265152,0.0
0,0.18988871574401855,0.022058824077248573
0,0.25052428245544434,0.023391813039779663
0,0.1641002893447876,0.0
1,0.12895838916301727,0.0
0,0.45302462577819824,0.1428571492433548
0,0.09834743291139603,0.0
0,0.3525168001651764,0.04494382068514824
0,0.24073341488838196,0.0892857164144516
0,0.19722704589366913,0.03846153989434242
0,0.3597506880760193,0.06779661029577255
1,0.5291211009025574,0.24390244483947754
1,0.4450581967830658,0.40883979201316833
1,0.4028911590576172,0.08465608209371567
0,0.33055397868156433,0.0625
0,0.01791415736079216,0.0
0,0.047116246074438095,0.0
1,0.23740226030349731,0.04672897234559059
1,0.7094449996948242,0.6018518805503845
0,0.26537516713142395,0.012048192322254181
0,0.332796573638916,0.020408162847161293
0,0.05472584068775177,0.0
0,0.6081206202507019,0.5514019131660461
1,0.4927201569080353,0.09090909361839294
0,0.4306778013706207,0.07692307978868484
0,0.32116490602493286,0.0625
0,0.20761510729789734,0.06451612710952759
0,0.31499531865119934,0.0
0,0.5216073393821716,0.32549020648002625
0,0.5242717862129211,0.24390244483947754
1,0.516790509223938,0.32549020648002625
1,0.3995378017425537,0.125
0,0.7697716355323792,0.7191010117530823
0,0.29343801736831665,0.014925372786819935
0,0.48539745807647705,0.5697673559188843
1,0.6686191558837891,0.6329113841056824
1,0.6083006262779236,0.380952388048172
0,0.48719215393066406,0.09090909361839294
1,0.5157541036605835,0.26923078298568726
1,0.6758221983909607,0.4791666567325592
1,0.6356582641601562,0.5514019131660461
0,0.15173135697841644,0.008130080997943878
0,0.35422036051750183,0.021978022530674934
0,0.7337167859077454,0.6428571343421936
0,0.2176632136106491,0.0
0,0.6085002422332764,0.8115941882133484
1,0.43214911222457886,0.09375
1,0.6712257862091064,0.6018518805503845
1,0.41531792283058167,0.5060241222381592
0,0.21561308205127716,0.022727273404598236
1,0.4992891550064087,0.3361344635486603
0,0.35916733741760254,0.1599999964237213
0,0.21789465844631195,0.023391813039779663
0,0.1392585039138794,0.0
0,0.14217768609523773,0.0
0,0.3820149004459381,0.08064515888690948
0,0.28621265292167664,0.02469135820865631
0,0.7149530053138733,0.9615384340286255
0,0.7860562205314636,0.8823529481887817
1,0.8701056241989136,1.0
1,0.7050382494926453,0.7203390002250671
1,0.7208935022354126,0.9615384340286255
1,0.7312644720077515,0.682539701461792
1,0.6934630870819092,0.7250000238418579
0,0.7844207286834717,0.7692307829856873
1,0.507267951965332,0.125
0,0.24933071434497833,0.02469135820865631
0,0.7650449872016907,0.75
0,0.5920884013175964,0.44230765104293823
1,0.7539923787117004,0.8492063283920288
1,0.6988122463226318,0.6944444179534912
1,0.2958665192127228,0.012048192322254181
0,0.6147817373275757,0.4268292784690857
1,0.5590293407440186,0.5
0,0.72642982006073,0.6428571343421936
0,0.14800529181957245,0.0
0,0.19847266376018524,0.0
0,0.29937005043029785,0.0
0,0.21700122952461243,0.0892857164144516
0,0.520834743976593,0.14705882966518402
0,0.14933453500270844,0.0
1,0.3745689392089844,0.08771929889917374
0,0.5770882368087769,0.2916666567325592
0,0.18970878422260284,0.0
0,0.30738773941993713,0.0555555559694767
0,0.5233826041221619,0.46391749382019043
0,0.569831132888794,0.4591836631298065
0,0.3993038237094879,0.1111111119389534
0,0.17490741610527039,0.011695906519889832
0,0.2144792377948761,0.007352941203862429
1,0.5415452122688293,0.32549020648002625
1,0.45622867345809937,0.40883979201316833
0,0.40356969833374023,0.10810811072587967
1,0.8000282049179077,0.800000011920929
1,0.6503944993019104,0.584905743598938
0,0.3073085844516754,0.0555555559694767
1,0.466074675321579,0.40883979201316833
0,0.29457107186317444,0.0
1,0.29267042875289917,0.012048192322254181
1,0.22371503710746765,0.0892857164144516
0,0.34934118390083313,0.08465608209371567
0,0.3200138509273529,0.01666666753590107
0,0.5664828419685364,0.290909081697464
0,0.5845464468002319,0.440000057220459
0,0.6210259199142456,0.5714285969734192
1,0.4624515771865845,0.32549020648002625
0,0.6226109266281128,0.5
0,0.37042734026908875,0.08465608209371567
1,0.799246609210968,0.8837209343910217
1,0.7715213894844055,0.737864077091217
0,0.31787654757499695,0.12068965286016464
0,0.3832358717918396,0.05226480960845947
0,0.7075371146202087,0.6018518805503845
0,0.21626558899879456,0.0
0,0.7096111178398132,0.7203390002250671
1,0.5021171569824219,0.3361344635486603
1,0.6145318746566772,0.5514019131660461
0,0.054521601647138596,0.0
0,0.04569873958826065,0.0
0,0.34631773829460144,0.021978022530674934
1,0.4389972984790802,0.07500000298023224
0,0.5503939390182495,0.290909081697464
0,0.43341922760009766,0.07500000298023224
0,0.17785707116127014,0.0
0,0.4228685796260834,0.1111111119389534
1,0.6905677318572998,0.8113207817077637
1,0.31950193643569946,0.01666666753590107
0,0.08597259223461151,0.0
0,0.1317928433418274,0.0
0,0.302364319562912,0.0555555559694767
1,0.23833349347114563,0.022727273404598236
0,0.3070489168167114,0.01666666753590107
0,0.1583789438009262,0.0
0,0.14843149483203888,0.0
0,0.26204928755760193,0.0
1,0.8015809655189514,0.9444444179534912
0,0.7452446818351746,0.7203390002250671
1,0.7622295618057251,0.737864077091217
1,0.4174424111843109,0.18238992989063263
1,0.7112449407577515,0.7203390002250671
1,0.5275248885154724,0.23076923191547394
0,0.6778267621994019,0.7142857313156128
0,0.7766947746276855,0.7674418687820435
0,0.08263883739709854,0.0
0,0.40584176778793335,0.05932203307747841
0,0.5105069279670715,0.4464285671710968
1,0.6617250442504883,0.6483516693115234
0,0.5262349843978882,0.3194444477558136
0,0.3141617774963379,0.01666666753590107
0,0.03982929140329361,0.0
0,0.273599237203598,0.02469135820865631
0,0.06801509857177734,0.0
0,0.5056847333908081,0.40883979201316833
0,0.16387681663036346,0.011695906519889832
0,0.1296023279428482,0.0
0,0.7903633713722229,0.7692307829856873
0,0.2734857201576233,0.02469135820865631
0,0.4528252184391022,0.11764705926179886
0,0.22833527624607086,0.009049774147570133
0,0.3499838411808014,0.2112676054239273
1,0.07035930454730988,0.0
0,0.298588365316391,0.02469135820865631
1,0.7452653050422668,0.7142857313156128
0,0.6948091387748718,0.6578947305679321
1,0.6816690564155579,0.6018518805503845
0,0.20299120247364044,0.0
1,0.617891252040863,0.6145251393318176
0,0.13513366878032684,0.0
0,0.1796763837337494,0.011695906519889832
0,0.15628939867019653,0.0
0,0.7787971496582031,0.8837209343910217
1,0.7529338598251343,0.737864077091217
0,0.44919639825820923,0.07500000298023224
0,0.47655490040779114,0.1666666716337204
1,0.28874093294143677,0.0555555559694767
0,0.19009530544281006,0.03333333507180214
1,0.6054306030273438,0.560693621635437
0,0.7997435331344604,0.8536585569381714
0,0.1388220191001892,0.008130080997943878
0,0.12729692459106445,0.0
0,0.11732885986566544,0.007017544005066156
1,0.40524348616600037,0.18238992989063263
1,0.4417654275894165,0.40883979201316833
0,0.03935987874865532,0.0
0,0.37923553586006165,0.057851240038871765
0,0.4301411807537079,0.17741934955120087
1,0.5952592492103577,0.46391749382019043
1,0.8528933525085449,0.9692307710647583
0,0.42293423414230347,0.1111111119389534
0,0.6496758460998535,0.5347310304641724
1,0.3182552754878998,0.0555555559694767
1,0.3439970016479492,0.08064515888690948
0,0.45237061381340027,0.40883979201316833
1,0.3972797989845276,0.18238992989063263
0,0.49166181683540344,0.12598425149917603
1,0.3681071102619171,0.18238992989063263
1,0.3753158450126648,0.08465608209371567
0,0.26709654927253723,0.0
0,0.37291255593299866,0.08064515888690948
0,0.07339836657047272,0.0
0,0.5741018652915955,0.761904776096344
0,0.23905491828918457,0.0
0,0.44968050718307495,0.145454540848732
0,0.3084084391593933,0.12068965286016464
0,0.2078559696674347,0.0
1,0.4064405560493469,0.1111111119389534
1,0.6935281157493591,0.6666666865348816
0,0.6045979261398315,0.4591836631298065
1,0.47170090675354004,0.5697673559188843
1,0.5792966485023499,0.2916666567325592
1,0.7961180806159973,0.9444444179534912
0,0.6728233098983765,0.6329113841056824
1,0.8090448379516602,0.8666666746139526
1,0.7396630644798279,0.6666666865348816
0,0.5260255336761475,0.3194444477558136
0,0.5076149702072144,0.24390244483947754
0,0.7196604013442993,0.9615384340286255
0,0.5170939564704895,0.6349206566810608
0,0.8366098999977112,1.0
0,0.6288710832595825,0.9113923907279968
0,0.22275806963443756,0.0
0,0.6403784155845642,0.5697674751281738
1,0.7584179639816284,0.7301587462425232
0,0.8977363109588623,1.0
0,0.5228271484375,0.32549020648002625
1,0.8448578715324402,1.0
1,0.5894666314125061,0.4838709533214569
0,0.5262698531150818,0.1666666716337204
0,0.2581903338432312,0.028708133846521378
1,0.6807457804679871,0.6018518805503845
1,0.41166403889656067,0.05932203307747841
0,0.6856238842010498,0.682539701461792
0,0.27389368414878845,0.012048192322254181
0,0.17103183269500732,0.0
0,0.3774054944515228,0.09836065769195557
0,0.5401558876037598,0.25
0,0.3920319974422455,0.05932203307747841
0,0.5800071954727173,0.4838709533214569
0,0.3161400258541107,0.0625
0,0.4191661477088928,0.05932203307747841
0,0.47064918279647827,0.3199999928474426
1,0.36882755160331726,0.0555555559694767
0,0.627240777015686,0.6428571343421936
0,0.8076000809669495,0.8085106611251831
1,0.5656360387802124,0.7419354915618896
0,0.7444988489151001,0.7857142686843872
0,0.1722884476184845,0.002782227238640189
0,0.2025325894355774,0.022058824077248573
0,0.48520106077194214,0.5697673559188843
0,0.3172413110733032,0.014925372786819935
0,0.23529770970344543,0.01764705963432789
0,0.09108486771583557,0.0
0,0.18725255131721497,0.0
0,0.20901478826999664,0.022058824077248573
0,0.3070102334022522,0.0625
0,0.43484756350517273,0.19117647409439087
0,0.022587621584534645,0.0
0,0.29737815260887146,0.07975459843873978
0,0.10505592823028564,0.0
1,0.06923911720514297,0.0
1,0.5500072836875916,0.40740740299224854
0,0.3283975422382355,0.2112676054239273
0,0.3922934830188751,0.10810811072587967
0,0.432573139667511,0.07692307978868484
0,0.20982344448566437,0.009049774147570133
0,0.4726521670818329,0.12598425149917603
0,0.5181209444999695,0.32549020648002625
0,0.26823362708091736,0.028708133846521378
1,0.5862749814987183,0.440000057220459
0,0.17010566592216492,0.0
0,0.3764694333076477,0.08064515888690948
1,0.7773070335388184,0.7674418687820435
0,0.2917490601539612,0.19230769574642181
0,0.8030382990837097,0.8666666746139526
1,0.4048771262168884,0.15789473056793213
0,0.3557640612125397,0.0555555559694767
0,0.503491997718811,0.40883979201316833
0,0.6915484070777893,0.682539701461792
1,0.49950945377349854,0.125
0,0.1505301296710968,0.0
1,0.7002843618392944,0.8113207817077637
0,0.29221487045288086,0.07975459843873978
1,0.12440123409032822,0.0
0,0.7531351447105408,0.7191010117530823
0,0.5527957677841187,0.44230765104293823
0,0.08409452438354492,0.0
0,0.5794897079467773,0.44230765104293823
0,0.1398228108882904,0.0
0,0.37001821398735046,0.08064515888690948
0,0.7885627150535583,0.8837209343910217
0,0.479992151260376,0.40883979201316833
0,0.18208369612693787,0.022058824077248573
0,0.31012994050979614,0.12068965286016464
0,0.6448777914047241,0.6018518805503845
0,0.548231840133667,0.28985509276390076
0,0.2944340705871582,0.0625
0,0.40763333439826965,0.05226480960845947
0,0.7514044046401978,1.0
1,0.7815088629722595,0.7692307829856873
0,0.8207234740257263,0.9692307710647583
1,0.5784220695495605,0.4591836631298065
0,0.6897954940795898,0.7250000238418579
1,0.7062442898750305,0.6428571343421936
0,0.7103284597396851,0.6428571343421936
0,0.21993327140808105,0.0
1,0.15757745504379272,0.008130080997943878
1,0.6594785451889038,0.9113923907279968
0,0.1374788135290146,0.0
0,0.17652490735054016,0.022058824077248573
0,0.6485134363174438,0.584905743598938
0,0.4195071756839752,0.1111111119389534
1,0.7095275521278381,0.6018518805503845
1,0.6818526387214661,0.6578947305679321
1,0.7201385498046875,0.7203390002250671
1,0.48000621795654297,0.40883979201316833
0,0.2929939031600952,0.07975459843873978
0,0.4503723382949829,0.05226480960845947
0,0.29838699102401733,0.19230769574642181
1,0.6744735240936279,0.6145251393318176
0,0.3333546817302704,0.04494382068514824
0,0.35325947403907776,0.00803212821483612
0,0.1570286899805069,0.0
0,0.4146867096424103,0.057851240038871765
0,0.35402965545654297,0.06779661029577255
0,0.44459792971611023,0.40883979201316833
0,0.26656466722488403,0.014925372786819935
1,0.8251703977584839,0.9692307710647583
0,0.5666431784629822,0.3448275923728943
0,0.8225773572921753,0.9692307710647583
1,0.8537164330482483,1.0
0,0.644352912902832,0.6666666865348816
1,0.7247210741043091,0.7203390002250671
1,0.8123314380645752,0.9599999785423279
0,0.1548994928598404,0.0
1,0.6907215714454651,0.8113207817077637
0,0.20878851413726807,0.0
1,0.6089832782745361,0.5
0,0.6386184096336365,0.584905743598938
0,0.5421411395072937,0.5
0,0.6532496213912964,0.6018518805503845
1,0.29904696345329285,0.05800053849816322
0,0.5422881245613098,0.46391749382019043
0,0.4568273425102234,0.1428571492433548
0,0.4635557234287262,0.1666666716337204
0,0.20747044682502747,0.0
0,0.11631540954113007,0.0
0,0.6334969997406006,0.5514019131660461
0,0.12182516604661942,0.007017544005066156
0,0.0743289664387703,0.0
0,0.06048768386244774,0.0
0,0.24116019904613495,0.023391813039779663
0,0.14870966970920563,0.0
0,0.5130876898765564,0.3194444477558136
0,0.6050044298171997,0.3827160596847534
0,0.23661795258522034,0.04672897234559059
1,0.44352900981903076,0.11538461595773697
0,0.32511046528816223,0.021978022530674934
0,0.32572802901268005,0.0555555559694767
0,0.707720160484314,0.682539701461792
1,0.5661373734474182,0.38775506615638733
0,0.5436945557594299,0.38775506615638733
0,0.3236522078514099,0.0625
0,0.16751298308372498,0.0
0,0.24533109366893768,0.0892857164144516
0,0.4692448079586029,0.07692307978868484
0,0.117194764316082,0.0
0,0.4026201665401459,0.0555555559694767
1,0.5835443139076233,0.46391749382019043
1,0.6671082973480225,0.6071428656578064
0,0.22727467119693756,0.0892857164144516
0,0.7631410360336304,0.7191010117530823
1,0.5761527419090271,0.4591836631298065
1,0.3721817433834076,0.09513060003519058
0,0.21226505935192108,0.022727273404598236
0,0.3001875877380371,0.07975459843873978
0,0.3526705801486969,0.04494382068514824
1,0.7963932752609253,0.8837209343910217
0,0.5528249740600586,0.2976190447807312
1,0.4314444065093994,0.17741934955120087
1,0.8236033916473389,0.8684210777282715
0,0.2426985651254654,0.0
1,0.4810623824596405,0.40883979201316833
0,0.4600830674171448,0.07692307978868484
0,0.4012333154678345,0.057851240038871765
1,0.5450277924537659,0.38775506615638733
0,0.5505151748657227,0.40740740299224854
0,0.297231525182724,0.0416666679084301
1,0.30281516909599304,0.02469135820865631
1,0.7665817737579346,0.75
0,0.617667019367218,0.6145251393318176
0,0.46640026569366455,0.07692307978868484
0,0.25075292587280273,0.009049774147570133
1,0.478052020072937,0.09090909361839294
0,0.33276790380477905,0.0714285746216774
0,0.515587568283081,0.2222222238779068
0,0.5465652942657471,0.30000001192092896
1,0.401651531457901,0.42307692766189575
0,0.7962828874588013,0.7692307829856873
0,0.4541879892349243,0.23728813230991364
0,0.45481982827186584,0.07692307978868484
0,0.3052298426628113,0.19230769574642181
0,0.5032438039779663,0.28985506296157837
0,0.17507542669773102,0.022058824077248573
0,0.2452864944934845,0.02469135820865631
0,0.12855510413646698,0.0
0,0.2101256102323532,0.0
0,0.5772857666015625,0.4591836631298065
0,0.1143636405467987,0.0
0,0.08018136769533157,0.0
0,0.09036260843276978,0.0
0,0.1693299263715744,0.0
0,0.10653004795312881,0.0
0,0.6846207976341248,0.7142857313156128
0,0.42874589562416077,0.09375
1,0.43873757123947144,0.07500000298023224
1,0.3842357099056244,0.08465608209371567
1,0.6030659675598145,0.380952388048172
0,0.6407362818717957,0.6666666865348816
0,0.5119192600250244,0.32549020648002625
0,0.4087231755256653,0.1111111119389534
1,0.5020376443862915,0.40883979201316833
1,0.5289933085441589,0.32549020648002625
0,0.15035228431224823,0.0
0,0.4047635495662689,0.0555555559694767
0,0.2812351882457733,0.00803212821483612
0,0.24797320365905762,0.0
1,0.3973299562931061,0.18238992989063263
0,0.47223538160324097,0.32549020648002625
0,0.41444897651672363,0.1428571492433548
0,0.2977358102798462,0.02469135820865631
0,0.06000291928648949,0.0
1,0.19291068613529205,0.0
0,0.38542065024375916,0.18238992989063263
0,0.45938438177108765,0.5697673559188843
1,0.8349658250808716,1.0
0,0.6210277676582336,0.6483516693115234
0,0.18806876242160797,0.0
0,0.4255490303039551,0.05226480960845947
0,0.0604466088116169,0.0
0,0.17639955878257751,0.0
0,0.369676798582077,0.0555555559694767
0,0.25281089544296265,0.0
0,0.07175540179014206,0.0
0,0.41224342584609985,0.5060241222381592
1,0.41076573729515076,0.05226480960845947
0,0.2183176577091217,0.0
0,0.08057045936584473,0.0
1,0.7261854410171509,0.6944444179534912
1,0.2097425013780594,0.06451612710952759
1,0.7400849461555481,0.7857142686843872
1,0.48334845900535583,0.40883979201316833
0,0.3078167140483856,0.00803212821483612
0,0.5744689106941223,0.560693621635437
0,0.5166345834732056,0.4464285671710968
0,0.7076297998428345,0.6428571343421936
0,0.1292077749967575,0.0
0,0.1032538115978241,0.007017544005066156
0,0.2859412431716919,0.014925372786819935
0,0.3263940215110779,0.125
1,0.5155864953994751,0.32549020648002625
0,0.03127313032746315,0.0
0,0.24576547741889954,0.04672897234559059
0,0.6387873888015747,0.4268292784690857
0,0.40228596329689026,0.1111111119389534
0,0.7934918999671936,0.7818182110786438
0,0.11093730479478836,0.007017544005066156
1,0.4076728820800781,0.48681536316871643
0,0.5289266109466553,0.27272728085517883
0,0.3788771331310272,0.0555555559694767
0,0.49799415469169617,0.40883979201316833
1,0.47160956263542175,0.32549020648002625
0,0.3626372814178467,0.08771929889917374
0,0.09279102832078934,0.0
0,0.23018530011177063,0.009049774147570133
0,0.15136414766311646,0.008130080997943878
0,0.28714805841445923,0.014925372786819935
0,0.272530734539032,0.02469135820865631
1,0.06915624439716339,0.0
1,0.6241320371627808,0.5514019131660461
0,0.2148767113685608,0.0892857164144516
0,0.28772419691085815,0.01764705963432789
1,0.7576525807380676,0.7250000238418579
1,0.3323165476322174,0.020408162847161293
0,0.31733664870262146,0.06410256773233414
1,0.612504780292511,0.560693621635437
0,0.37202391028404236,0.05932203307747841
0,0.13013926148414612,0.0
0,0.09116543084383011,0.0
0,0.20829042792320251,0.022058824077248573
0,0.4069153964519501,0.08465608209371567
0,0.19782808423042297,0.0
0,0.6560845375061035,0.6483516693115234
1,0.14823168516159058,0.011695906519889832
0,0.15488772094249725,0.0
1,0.36032307147979736,0.05226480960845947
1,0.6840227246284485,0.6116505265235901
0,0.2641381025314331,0.10769230872392654
1,0.5636529326438904,0.290909081697464
1,0.7995062470436096,0.8536585569381714
0,0.3713742792606354,0.08771929889917374
0,0.10455698519945145,0.0
1,0.7944661974906921,0.737864077091217
0,0.18745756149291992,0.0
0,0.08228683471679688,0.0
0,0.297675222158432,0.0416666679084301
0,0.5403375029563904,0.44230765104293823
0,0.39716637134552,0.125
1,0.7209490537643433,0.7203390002250671
0,0.14972005784511566,0.0
0,0.09052784740924835,0.007017544005066156
0,0.6878465414047241,0.6329113841056824
0,0.36943483352661133,0.08465608209371567
0,0.5330190658569336,0.46391749382019043
1,0.4175809323787689,0.1111111119389534
1,0.4197631776332855,0.17741934955120087
0,0.5689527988433838,0.38775506615638733
0,0.6329167485237122,0.6145251393318176
1,0.4110865890979767,0.18238992989063263
0,0.40091225504875183,0.18238992989063263
1,0.6658069491386414,0.6116505265235901
0,0.7505254745483398,0.7301587462425232
1,0.5810449123382568,0.44230765104293823
0,0.7705022692680359,0.737864077091217
1,0.5058521032333374,0.40883979201316833
1,0.6150357723236084,0.5
1,0.6235049962997437,0.6483516693115234
0,0.7351806163787842,0.682539701461792
1,0.7243797183036804,0.7341772317886353
1,0.21197806298732758,0.0892857164144516
0,0.1745273321866989,0.0
0,0.6614256501197815,0.6145251393318176
0,0.6952887773513794,0.6674253940582275
0,0.7052096724510193,0.6944444179534912
1,0.5019495487213135,0.125
0,0.7162629961967468,0.682539701461792
0,0.15899395942687988,0.0
1,0.5162826776504517,0.3361344635486603
1,0.2720329165458679,0.07975459843873978
1,0.4751060903072357,0.5697673559188843
1,0.653092086315155,0.9113923907279968
1,0.6579650044441223,0.5697674751281738
0,0.6499963998794556,0.5697674751281738
0,0.5832396149635315,0.3827160596847534
1,0.7037596106529236,0.7250000238418579
0,0.2530922293663025,0.044401250779628754
0,0.6184736490249634,0.584905743598938
0,0.6236998438835144,0.6145251393318176
0,0.6646686792373657,0.4791666567325592
0,0.338968962430954,0.0714285746216774
1,0.46576616168022156,0.1666666716337204
0,0.36439526081085205,0.06779661029577255
0,0.4443371891975403,0.23728813230991364
0,0.2962474226951599,0.07975459843873978
1,0.5651546716690063,0.38775506615638733
0,0.7237659692764282,0.7250000238418579
0,0.6459922790527344,0.9113923907279968
0,0.4507978558540344,0.5697673559188843
0,0.2197752743959427,0.04672897234559059
0,0.19697989523410797,0.009049774147570133
0,0.07646901160478592,0.0
0,0.33829265832901,0.08465608209371567
0,0.12711681425571442,0.0
0,0.0754225105047226,0.0
0,0.3998790979385376,0.05226480960845947
0,0.3687737286090851,0.08771929889917374
0,0.2055380940437317,0.0
0,0.38747578859329224,0.05932203307747841
0,0.3311317563056946,0.2112676054239273
0,0.30216625332832336,0.02469135820865631
0,0.7772907614707947,0.7301587462425232
0,0.5627306699752808,0.3448275923728943
0,0.235772967338562,0.0
1,0.37570059299468994,0.057851240038871765
0,0.5189861059188843,0.32549020648002625
0,0.1868918240070343,0.0
0,0.39431652426719666,0.08465608209371567
1,0.793416440486908,0.7818182110786438
0,0.12405968457460403,0.007017544005066156
0,0.5532360672950745,0.38775506615638733
0,0.13670045137405396,0.0
0,0.7165083885192871,0.6428571343421936
0,0.29554590582847595,0.0625
0,0.37039315700531006,0.08771929889917374
0,0.7138718366622925,0.682539701461792
0,0.3851175010204315,0.18238992989063263
0,0.5623281598091125,0.3448275923728943
0,0.25944480299949646,0.0892857164144516
0,0.07745597511529922,0.0
0,0.3381752073764801,0.0555555559694767
1,0.23370741307735443,0.0
1,0.5350100994110107,0.44230765104293823
0,0.5510494112968445,0.44230765104293823
0,0.32859301567077637,0.020408162847161293
0,0.21822942793369293,0.009049774147570133
0,0.4910285472869873,0.28985506296157837
0,0.4456866383552551,0.3076923191547394
0,0.6712473630905151,0.7560975551605225
1,0.4959193766117096,0.125
0,0.7368555068969727,0.6944444179534912
1,0.5099086165428162,0.125
1,0.8624078035354614,0.8541666865348816
0,0.2923208773136139,0.014925372786819935
0,0.3584294617176056,0.08271904289722443
0,0.08370909094810486,0.0
1,0.3961358070373535,0.125
0,0.1360909789800644,0.0
0,0.26945680379867554,0.01764705963432789
1,0.4090062081813812,0.13333334028720856
0,0.497109055519104,0.32549020648002625
0,0.5264046788215637,0.24390244483947754
1,0.6783350110054016,0.4791666567325592
1,0.4931218922138214,0.23076923191547394
0,0.38899579644203186,0.0555555559694767
0,0.6932031512260437,0.7250000238418579
0,0.5542356967926025,0.46391749382019043
0,0.2592330574989319,0.07975459843873978
0,0.4282228350639343,0.09375
0,0.15599317848682404,0.011695906519889832
0,0.40038585662841797,0.10810811072587967
1,0.5672765970230103,0.38775506615638733
0,0.2809215486049652,0.1666666716337204
0,0.31131428480148315,0.01666666753590107
0,0.41991499066352844,0.17741934955120087
1,0.7164434790611267,0.7250000238418579
0,0.43431150913238525,0.145454540848732
0,0.7099621891975403,0.7560975551605225
0,0.6106891632080078,0.8115941882133484
0,0.45463308691978455,0.11764705926179886
0,0.5909412503242493,0.4591836631298065
1,0.3555215299129486,0.0555555559694767
0,0.3589341342449188,0.08771929889917374
0,0.5624083876609802,0.38775506615638733
1,0.31331294775009155,0.00803212821483612
1,0.7868773937225342,0.8837209343910217
0,0.7801294326782227,0.8148148059844971
0,0.6929929852485657,0.6329113841056824
0,0.785350501537323,0.8837209343910217
1,0.6585081815719604,0.6116505265235901
0,0.613962709903717,0.5
0,0.22016294300556183,0.009049774147570133
0,0.43036362528800964,0.19117647409439087
0,0.3414643704891205,0.1599999964237213
0,0.6521713137626648,0.6145251393318176
0,0.19986872375011444,0.007352941203862429
0,0.29261091351509094,0.014925372786819935
1,0.5761401057243347,0.3827160596847534
0,0.1588687300682068,0.0
0,0.36532357335090637,0.08771929889917374
1,0.17459164559841156,0.0
0,0.12631654739379883,0.0
0,0.12532763183116913,0.0
0,0.45655399560928345,0.25
0,0.3701910078525543,0.00803212821483612
1,0.45034515857696533,0.07692307978868484
0,0.07059905678033829,0.0
0,0.24752265214920044,0.04672897234559059
0,0.29188162088394165,0.014925372786819935
0,0.1271398663520813,0.0
0,0.0794283002614975,0.0
0,0.10650669783353806,0.0
0,0.08071936666965485,0.0
0,0.33184802532196045,0.04494382068514824
0,0.17390646040439606,0.0
1,0.4998932182788849,0.26923078298568726
1,0.2230403870344162,0.04672897234559059
1,0.7048035264015198,0.6428571343421936
0,0.7197646498680115,0.7203390002250671
1,0.33631840348243713,0.04494382068514824
0,0.20892225205898285,0.009049774147570133
1,0.5674722790718079,0.5426356792449951
1,0.6270832419395447,0.6483516693115234
0,0.48420512676239014,0.3361344635486603
0,0.8033596873283386,0.800000011920929
0,0.11593715846538544,0.0
1,0.5824778079986572,0.4838709533214569
0,0.10585176199674606,0.0
0,0.3704758286476135,0.18238992989063263
0,0.11679054796695709,0.0
0,0.16808737814426422,0.022058824077248573
1,0.33406147360801697,0.0555555559694767
0,0.535849392414093,0.46391749382019043
0,0.7816141843795776,0.7692307829856873
0,0.5298885703086853,0.38775506615638733
0,0.30000224709510803,0.19230769574642181
0,0.7472108602523804,0.6944444179534912
1,0.4117179811000824,0.5060241222381592
0,0.6301079988479614,0.5
0,0.050915177911520004,0.0
0,0.3422074019908905,0.2112676054239273
0,0.6562020778656006,0.5555555820465088
1,0.5541036128997803,0.290909081697464
0,0.3599315881729126,0.06779661029577255
1,0.40743598341941833,0.15789473056793213
0,0.10939628630876541,0.0
0,0.5132949948310852,0.3361344635486603
0,0.5369536876678467,0.38775506615638733
0,0.5910579562187195,0.440000057220459
1,0.5610035061836243,0.3448275923728943
0,0.25951746106147766,0.0892857164144516
1,0.7045522332191467,0.6944444179534912
0,0.2645694315433502,0.02469135820865631
1,0.13223911821842194,0.0
1,0.5832017064094543,0.4591836631298065
1,0.7132748961448669,0.7203390002250671
0,0.1412249505519867,0.0
0,0.6042734980583191,0.4591836631298065
0,0.5266627669334412,0.3194444477558136
0,0.4644604027271271,0.1666666716337204
1,0.5440697073936462,0.46391749382019043
0,0.5124685764312744,0.32549020648002625
1,0.5673691034317017,0.290909081697464
1,0.6916859745979309,0.6116505265235901
0,0.43214449286460876,0.2777777910232544
0,0.2798013985157013,0.10769230872392654
0,0.750505268573761,0.6857143044471741
1,0.2538188099861145,0.01764705963432789
0,0.3034403324127197,0.012048192322254181
0,0.7683318257331848,0.7191010117530823
0,0.08220048993825912,0.0
0,0.4246363937854767,0.057851240038871765
0,0.3708000183105469,0.08064515888690948
0,0.1387713998556137,0.0
1,0.3128771185874939,0.2112676054239273
0,0.18880507349967957,0.0
0,0.12514270842075348,0.0
1,0.8081666231155396,0.7818182110786438
0,0.16448186337947845,0.0
1,0.6649976372718811,0.6071428656578064
1,0.3285946547985077,0.125
0,0.5799564123153687,0.4838709533214569
0,0.576960027217865,0.3827160596847534
0,0.6450710892677307,0.5142857432365417
0,0.17171882092952728,0.022058824077248573
0,0.6285662055015564,0.5
0,0.5627974271774292,0.560693621635437
0,0.39094340801239014,0.057851240038871765
1,0.41087692975997925,0.10810811072587967
0,0.4489324390888214,0.5697673559188843
1,0.4588022828102112,0.05226480960845947
1,0.39940640330314636,0.10810811072587967
0,0.24624396860599518,0.02469135820865631
0,0.16449066996574402,0.008130080997943878
0,0.13938550651073456,0.0
0,0.2864702343940735,0.014925372786819935
0,0.6673035621643066,0.6018518805503845
0,0.3596183955669403,0.05226480960845947
0,0.745591938495636,0.737864077091217
0,0.5305348038673401,0.38775506615638733
1,0.5261231660842896,0.6349206566810608
0,0.41583186388015747,0.1428571492433548
1,0.833871066570282,0.8684210777282715
1,0.8114252686500549,0.8085106611251831
0,0.36840900778770447,0.18238992989063263
0,0.016096696257591248,0.0
0,0.6520605683326721,0.6666666865348816
1,0.7251092195510864,0.8260869383811951
0,0.1372206211090088,0.0
0,0.24514652788639069,0.04672897234559059
0,0.5495217442512512,0.44230765104293823
0,0.7293631434440613,0.7203390002250671
0,0.20392285287380219,0.0
0,0.8672409057617188,0.9692307710647583
0,0.10531745105981827,0.007017544005066156
1,0.4275508224964142,0.19117647409439087
0,0.4773418605327606,0.12598425149917603
0,0.5777203440666199,0.44230765104293823
0,0.32121846079826355,0.0
0,0.23061825335025787,0.0
1,0.6087054014205933,0.5426356792449951
0,0.17238500714302063,0.0
0,0.3814302682876587,0.057851240038871765
0,0.607784628868103,0.440000057220459
0,0.37677785754203796,0.05226480960845947
0,0.4366501271724701,0.07500000298023224
0,0.44268056750297546,0.145454540848732
0,0.7403945922851562,0.8492063283920288
1,0.4882087707519531,0.5697673559188843
0,0.4792019724845886,0.07692307978868484
0,0.6158177852630615,0.584905743598938
0,0.2267560064792633,0.0892857164144516
0,0.06489235907793045,0.0
0,0.03313455358147621,0.0
1,0.22918088734149933,0.009049774147570133
0,0.45424821972846985,0.20000000298023224
0,0.09783846139907837,0.0
0,0.29796329140663147,0.19230769574642181
0,0.31168171763420105,0.0555555559694767
1,0.6822547912597656,0.7142857313156128
1,0.6625400185585022,0.4791666567325592
0,0.7448396682739258,0.7142857313156128
0,0.48806002736091614,0.28985506296157837
1,0.46980223059654236,0.5697673559188843
0,0.8240628838539124,0.8536585569381714
1,0.47922131419181824,0.3361344635486603
0,0.7587394118309021,0.7191010117530823
1,0.6743124127388,0.625
0,0.5825487971305847,0.3291139304637909
1,0.2636934220790863,0.10769230872392654
0,0.11680247634649277,0.0
1,0.45178285241127014,0.1428571492433548
1,0.27232640981674194,0.10769230872392654
0,0.6421393752098083,0.5142857432365417
0,0.6340645551681519,0.5697674751281738
0,0.09224528074264526,0.0
0,0.44644781947135925,0.23728813230991364
1,0.49628546833992004,0.6349206566810608
0,0.6948990821838379,0.6116505265235901
0,0.22076041996479034,0.023391813039779663
0,0.4836660325527191,0.23076923191547394
0,0.39188680052757263,0.0555555559694767
0,0.3688562214374542,0.00803212821483612
0,0.5946892499923706,0.440000057220459
0,0.33292272686958313,0.00803212821483612
0,0.23553909361362457,0.01764705963432789
1,0.6057565212249756,0.5
0,0.522026777267456,0.3333333432674408
1,0.3941926956176758,0.10810811072587967
0,0.3463461697101593,0.0555555559694767
0,0.22769539058208466,0.028708133846521378
0,0.19449880719184875,0.009049774147570133
0,0.51219642162323,0.32549020648002625
0,0.5103485584259033,0.32549020648002625
1,0.687983512878418,0.682539701461792
0,0.5272613763809204,0.24390244483947754
1,0.671882688999176,0.6329113841056824
0,0.7342894077301025,0.682539701461792
0,0.08850312232971191,0.0
0,0.5168572664260864,0.3194444477558136
1,0.5997098088264465,0.46391749382019043
0,0.31544581055641174,0.12068965286016464
0,0.2758882939815521,0.01764705963432789
0,0.4030064344406128,0.10810811072587967
1,0.459831178188324,0.07692307978868484
0,0.26999789476394653,0.01764705963432789
0,0.4617892801761627,0.5697673559188843
0,0.7336761355400085,0.8492063283920288
0,0.5952092409133911,0.5199999809265137
0,0.4882766306400299,0.09090909361839294
0,0.22091138362884521,0.0
1,0.7009463906288147,0.8113207817077637
0,0.8587920069694519,1.0
0,0.6456335186958313,0.6483516693115234
1,0.734253466129303,0.8492063283920288
1,0.5553763508796692,0.290909081697464
1,0.4559577703475952,0.5697673559188843
0,0.18712536990642548,0.0
1,0.5369350910186768,0.32549020648002625
0,0.2728448808193207,0.02469135820865631
1,0.3141879737377167,0.2112676054239273
0,0.16497847437858582,0.011695906519889832
0,0.3540548086166382,0.08465608209371567
0,0.33277425169944763,0.0625
1,0.4721757471561432,0.17241379618644714
0,0.5676799416542053,0.5426356792449951
0,0.23799538612365723,0.009049774147570133
0,0.34248170256614685,0.2112676054239273
0,0.33958399295806885,0.0714285746216774
1,0.814586341381073,0.8085106611251831
0,0.576363742351532,0.5426356792449951
1,0.44406795501708984,0.5060241222381592
0,0.5362604260444641,0.38775506615638733
0,0.40809857845306396,0.5
1,0.595443606376648,0.5199999809265137
1,0.5781636238098145,0.761904776096344
0,0.4960404336452484,0.24390244483947754
0,0.7315842509269714,0.8464095592498779
0,0.4636884927749634,0.145454540848732
0,0.5648443102836609,0.290909081697464
0,0.5425063371658325,0.25
1,0.27861347794532776,0.00803212821483612
1,0.5826543569564819,0.3291139304637909
0,0.35878005623817444,0.05226480960845947
0,0.7929075360298157,0.8148148059844971
1,0.8113492727279663,0.8333333134651184
1,0.1407233029603958,0.007017544005066156
0,0.2052062451839447,0.009049774147570133
1,0.7459373474121094,0.737864077091217
0,0.21362918615341187,0.0
0,0.7344648241996765,0.7341772317886353
0,0.13562363386154175,0.0
1,0.8135010600090027,0.9692307710647583
1,0.6915488243103027,0.6018518805503845
0,0.29018494486808777,0.012048192322254181
0,0.04677358642220497,0.0
0,0.14670723676681519,0.0
1,0.6713716387748718,0.6329113841056824
0,0.4146815538406372,0.057851240038871765
0,0.5302428007125854,0.7419354915618896
1,0.6035690307617188,0.5514019131660461
1,0.5742729902267456,0.2916666567325592
0,0.6160339117050171,0.4268292784690857
1,0.25083649158477783,0.0892857164144516
0,0.38877221941947937,0.09836065769195557
0,0.32523515820503235,0.020408162847161293
0,0.3836768567562103,0.09836065769195557
0,0.2809127867221832,0.1666666716337204
0,0.12133914232254028,0.007017544005066156
0,0.3134934902191162,0.12068965286016464
1,0.6641440987586975,0.4791666567325592
0,0.23714779317378998,0.0892857164144516
1,0.7863767743110657,0.8148148059844971
0,0.8212380409240723,0.9692307710647583
0,0.12227167934179306,0.0
0,0.46775510907173157,0.145454540848732
0,0.30753469467163086,0.014925372786819935
0,0.483946293592453,0.07692307978868484
0,0.8160780072212219,0.8085106611251831
0,0.6231685876846313,0.5514019131660461
1,0.19358029961585999,0.0
1,0.3787012994289398,0.08064515888690948
1,0.27513742446899414,0.07975459843873978
1,0.6065821051597595,0.380952388048172
1,0.7045630216598511,0.682539701461792
1,0.4137479066848755,0.057851240038871765
0,0.3263712227344513,0.0625
1,0.20310677587985992,0.06451612710952759
0,0.558176577091217,0.3448275923728943
1,0.5050646066665649,0.13333334028720856
0,0.30297940969467163,0.07975459843873978
0,0.1244274228811264,0.0
0,0.5353988409042358,0.32549020648002625
0,0.28458455204963684,0.19230769574642181
0,0.3795812427997589,0.18238992989063263
1,0.8551102876663208,1.0
0,0.26817119121551514,0.10769230872392654
0,0.18368664383888245,0.027880603447556496
0,0.38251081109046936,0.10526315867900848
1,0.28396254777908325,0.19230769574642181
0,0.37872686982154846,0.05932203307747841
0,0.5886426568031311,0.8115941882133484
0,0.7190452814102173,0.7250000238418579
0,0.7267255187034607,0.7058823704719543
1,0.6760473847389221,0.682539701461792
0,0.35297703742980957,0.2112676054239273
0,0.29216909408569336,0.0416666679084301
0,0.474312424659729,0.40883979201316833
0,0.07405484467744827,0.0
0,0.45986807346343994,0.25
1,0.5086841583251953,0.3361344635486603
1,0.7617967128753662,0.8492063283920288
0,0.10376659035682678,0.0
1,0.5406544208526611,0.38775506615638733
0,0.2954534888267517,0.014925372786819935
0,0.2457827925682068,0.01764705963432789
0,0.34850770235061646,0.04494382068514824
0,0.44035446643829346,0.07692307978868484
1,0.5514735579490662,0.30000001192092896
1,0.2987499535083771,0.0555555559694767
0,0.2948818504810333,0.00803212821483612
1,0.3272506594657898,0.021978022530674934
0,0.44010356068611145,0.3076923191547394
1,0.6463462710380554,0.5142857432365417
1,0.5257063508033752,0.4464285671710968
0,0.34312132000923157,0.020408162847161293
0,0.15856999158859253,0.0
0,0.5364706516265869,0.27272728085517883
1,0.7967600226402283,0.9444444179534912
0,0.429062157869339,0.05932203307747841
1,0.5288571119308472,0.46391749382019043
1,0.8073092103004456,0.8666666746139526
0,0.26963135600090027,0.028708133846521378
0,0.7026344537734985,0.6944444179534912
0,0.35683944821357727,0.08064515888690948
0,0.28948765993118286,0.012048192322254181
1,0.07378748059272766,0.0
0,0.7827986478805542,0.800000011920929
0,0.3152231276035309,0.0555555559694767
0,0.2724134624004364,0.01764705963432789
0,0.5957168936729431,0.44230765104293823
0,0.2047346979379654,0.022058824077248573
0,0.12836097180843353,0.0
1,0.16534104943275452,0.0
0,0.5797993540763855,0.46391749382019043
0,0.19044910371303558,0.0
1,0.7160280346870422,0.7058823704719543
0,0.6524276733398438,0.9113923907279968
0,0.7367907762527466,0.6666666865348816
1,0.6152572631835938,0.4268292784690857
1,0.6925771832466125,0.6018518805503845
1,0.5750532150268555,0.38775506615638733
1,0.6626924872398376,0.6071428656578064
1,0.4624807834625244,0.145454540848732
1,0.8173317313194275,0.8684210777282715
1,0.7716114521026611,0.7894737124443054
0,0.5881554484367371,0.3291139304637909
1,0.6336260437965393,0.5514019131660461
0,0.38319605588912964,0.260869562625885
0,0.6138862371444702,0.5
1,0.6787736415863037,0.7142857313156128
1,0.608447790145874,0.380952388048172
1,0.6841662526130676,0.7250000238418579
0,0.8207101225852966,0.8666666746139526
1,0.6681231260299683,0.6329113841056824
0,0.6904033422470093,0.7560975551605225
0,0.2185986340045929,0.0892857164144516
1,0.5995160937309265,0.5426356792449951
1,0.5360597372055054,0.7419354915618896
0,0.41003984212875366,0.15789473056793213
0,0.6068412661552429,0.5
1,0.5404322147369385,0.28985509276390076
0,0.5036854147911072,0.3361344635486603
1,0.4066731333732605,0.10810811072587967
0,0.34355470538139343,0.0555555559694767
0,0.730090856552124,0.7058823704719543
1,0.4626360237598419,0.5697673559188843
0,0.6011084318161011,0.5426356792449951
1,0.5313647985458374,0.46391749382019043
0,0.7606744170188904,0.75
1,0.5740979313850403,0.3827160596847534
0,0.6919085383415222,0.6329113841056824
0,0.6616798043251038,0.6145251393318176
0,0.6096673607826233,0.440000057220459
0,0.5059358477592468,0.24390244483947754
1,0.5481276512145996,0.46391749382019043
0,0.4064384996891022,0.42307692766189575
0,0.4320732057094574,0.17741934955120087
0,0.47304195165634155,0.40883979201316833
0,0.526448130607605,0.24390244483947754
0,0.4982156753540039,0.12598425149917603
0,0.32667282223701477,0.020408162847161293
0,0.29693180322647095,0.07975459843873978
0,0.44527894258499146,0.5060241222381592
0,0.08832504600286484,0.0
0,0.3998447358608246,0.057851240038871765
0,0.2995889186859131,0.07975459843873978
0,0.535045325756073,0.32549020648002625
0,0.4023496210575104,0.1111111119389534
0,0.32632288336753845,0.125
1,0.5679667592048645,0.560693621635437
0,0.12446708977222443,0.0
0,0.22244034707546234,0.023391813039779663
0,0.08440228551626205,0.0
0,0.23644188046455383,0.028708133846521378
0,0.07367227226495743,0.0
0,0.29616671800613403,0.02469135820865631
0,0.0457967072725296,0.0
0,0.10368430614471436,0.0
0,0.431703120470047,0.145454540848732
0,0.40988925099372864,0.15789473056793213
1,0.21146592497825623,0.007352941203862429
0,0.05310201644897461,0.0
0,0.2616364359855652,0.0
0,0.6929845213890076,0.6018518805503845
1,0.5379940867424011,0.5
0,0.2506674826145172,0.04672897234559059
0,0.24333997070789337,0.0
0,0.4017030894756317,0.15789473056793213
0,0.5546149611473083,0.44230765104293823
0,0.08412352949380875,0.0
1,0.23063281178474426,0.04672897234559059
0,0.6433756947517395,0.6483516693115234
0,0.5818476676940918,0.46391749382019043
0,0.5764775276184082,0.4591836631298065
0,0.42375147342681885,0.25
0,0.4100872278213501,0.13333334028720856
0,0.07830704748630524,0.0
0,0.5767087936401367,0.5426356792449951
0,0.2944956421852112,0.0
0,0.07213790714740753,0.0
0,0.6572972536087036,0.6666666865348816
0,0.5069677233695984,0.24390244483947754
1,0.5305503606796265,0.32549020648002625
0,0.27058762311935425,0.014925372786819935
0,0.1144179254770279,0.0
0,0.4003277122974396,0.05226480960845947
1,0.3260023593902588,0.01666666753590107
0,0.21550165116786957,0.023391813039779663
1,0.5309702754020691,0.44230765104293823
1,0.4469987750053406,0.23728813230991364
0,0.4381551742553711,0.20000000298023224
1,0.7864985466003418,0.7692307829856873
0,0.19209866225719452,0.023391813039779663
1,0.376340389251709,0.05932203307747841
1,0.16345159709453583,0.008130080997943878
1,0.3870624601840973,0.05226480960845947
1,0.6655701398849487,0.6018518805503845
0,0.5459553599357605,0.290909081697464
0,0.3315064311027527,0.00803212821483612
0,0.4733171761035919,0.2500000298023224
0,0.3517564535140991,0.0555555559694767
0,0.4572468101978302,0.145454540848732
0,0.6155506372451782,0.5027734041213989
1,0.45239871740341187,0.145454540848732
0,0.6348397731781006,0.6666666865348816
0,0.45866385102272034,0.07692307978868484
0,0.21554340422153473,0.0892857164144516
0,0.18861934542655945,0.0
1,0.4654248058795929,0.12598425149917603
0,0.43422389030456543,0.17241379618644714
1,0.42201197147369385,0.1111111119389534
1,0.5901423692703247,0.5426356792449951
1,0.5718085169792175,0.38775506615638733
1,0.7924913167953491,0.737864077091217
0,0.6381465196609497,0.4268292784690857
1,0.7401528358459473,0.7857142686843872
0,0.6191109418869019,0.5
1,0.8281406760215759,0.8518518805503845
0,0.40060192346572876,0.125
0,0.6276942491531372,0.4268292784690857
0,0.787627100944519,0.7674418687820435
0,0.6863885521888733,0.6116505265235901
1,0.4871920943260193,0.32549020648002625
1,0.6117894053459167,0.5
1,0.810588002204895,0.8399999737739563
0,0.2275768369436264,0.04672897234559059
1,0.7267496585845947,0.7250000238418579
0,0.8394604921340942,0.8541666865348816
1,0.5626211762428284,0.7419354915618896
0,0.3090927302837372,0.2112676054239273
1,0.6114949584007263,0.5
0,0.6161257028579712,0.584905743598938
0,0.7305976748466492,0.7341772317886353
1,0.6653712391853333,0.7142857313156128
0,0.09737074375152588,0.0
0,0.7001308798789978,0.682539701461792
1,0.6224119663238525,0.6483516693115234
0,0.5013250708580017,0.40883979201316833
0,0.7965333461761475,0.8837209343910217
1,0.7217344045639038,0.7058823704719543
0,0.5386065244674683,0.23076923191547394
1,0.2839895188808441,0.19230769574642181
0,0.6516972780227661,0.5697674751281738
0,0.14625751972198486,0.0
0,0.565421998500824,0.3448275923728943
0,0.4152665138244629,0.18238992989063263
0,0.0365922786295414,0.0
0,0.33159080147743225,0.0625
0,0.11052048206329346,0.0
0,0.1709502637386322,0.0
0,0.4986969828605652,0.40883979201316833
0,0.04614587500691414,0.0
0,0.29086941480636597,0.0555555559694767
0,0.4434867203235626,0.23728813230991364
0,0.4589553475379944,0.40883979201316833
0,0.5185132622718811,0.4464285671710968
1,0.6813092231750488,0.7142857313156128
1,0.8864350318908691,0.9692307710647583
1,0.9174616932868958,1.0
0,0.7010034918785095,0.8113207817077637
0,0.08229855448007584,0.0
1,0.3072164058685303,0.07975459843873978
0,0.3309730589389801,0.125
0,0.2875860035419464,0.014925372786819935
1,0.4781843423843384,0.2500000298023224
0,0.34106945991516113,0.08465608209371567
1,0.5878914594650269,0.3291139304637909
0,0.3879256546497345,0.08465608209371567
0,0.2948315441608429,0.0416666679084301
0,0.16428707540035248,0.0
0,0.37144163250923157,0.05226480960845947
0,0.4922212064266205,0.32549020648002625
0,0.7175388932228088,0.6944444179534912
1,0.19780530035495758,0.03846153989434242
0,0.21407417953014374,0.022727273404598236
0,0.24833719432353973,0.028708133846521378
0,0.3018745481967926,0.014925372786819935
0,0.1213001236319542,0.0
0,0.28129076957702637,0.1666666716337204
0,0.10795536637306213,0.0
0,0.09053560346364975,0.0
0,0.21723736822605133,0.009049774147570133
0,0.21935318410396576,0.0
0,0.09386484324932098,0.0
0,0.6219874024391174,0.6145251393318176
1,0.21228435635566711,0.028708133846521378
0,0.40133732557296753,0.10810811072587967
0,0.004988102708011866,0.0
0,0.14179587364196777,0.0
0,0.07315466552972794,0.0
0,0.18574582040309906,0.0
0,0.08790286630392075,0.0
1,0.49198535084724426,0.3361344635486603
0,0.31641194224357605,0.06410256773233414
0,0.4547427296638489,0.11764705926179886
0,0.5440613031387329,0.560693621635437
1,0.5151975154876709,0.24390244483947754
1,0.6051585674285889,0.440000057220459
0,0.46208515763282776,0.32549020648002625
1,0.8405654430389404,0.9599999785423279
1,0.6734464764595032,0.6329113841056824
0,0.40341541171073914,0.05932203307747841
0,0.31533581018447876,0.00803212821483612
0,0.22681817412376404,0.0
0,0.25754812359809875,0.07975459843873978
0,0.6011049747467041,0.44230765104293823
1,0.7408170700073242,0.7203390002250671
1,0.6765619516372681,0.6116505265235901
1,0.7971453666687012,1.0
0,0.21664465963840485,0.0
1,0.7100551724433899,0.6578947305679321
0,0.4157866835594177,0.09375
0,0.362966388463974,0.08771929889917374
0,0.4988117516040802,0.40883979201316833
0,0.5460099577903748,0.38775506615638733
0,0.1738419085741043,0.0
0,0.2532213032245636,0.0555555559694767
0,0.6001761555671692,0.46391749382019043
0,0.07153622806072235,0.0
0,0.24232284724712372,0.0
0,0.045896418392658234,0.0
0,0.3850986659526825,0.08465608209371567
1,0.8635808229446411,0.9767441749572754
1,0.6455407738685608,0.5555555820465088
0,0.7200942039489746,0.7203390002250671
0,0.23059292137622833,0.0892857164144516
0,0.539088785648346,0.27272728085517883
0,0.7141099572181702,0.6944444179534912
0,0.4745756685733795,0.07692307978868484
1,0.13094954192638397,0.0
0,0.4641475975513458,0.5697673559188843
1,0.4351402819156647,0.17741934955120087
1,0.8054926991462708,0.8333333134651184
1,0.7491020560264587,0.75
1,0.6546332836151123,0.4761904776096344
1,0.6957943439483643,0.6116505265235901
0,0.8794472813606262,0.8649383187294006
0,0.5797592997550964,0.5426356792449951
0,0.44271326065063477,0.40883979201316833
0,0.3976086676120758,0.18238992989063263
0,0.5624005198478699,0.3448275923728943
0,0.07182600349187851,0.0
0,0.25147342681884766,0.028708133846521378
0,0.033013876527547836,0.0
0,0.39086025953292847,0.05226480960845947
0,0.1686510145664215,0.0
0,0.38551437854766846,0.09836065769195557
0,0.29744863510131836,0.19230769574642181
0,0.1097668707370758,0.0
0,0.517398476600647,0.2222222238779068
0,0.25172922015190125,0.02469135820865631
0,0.45096057653427124,0.20000000298023224
0,0.632051408290863,0.6483516693115234
0,0.14590512216091156,0.011695906519889832
1,0.050093650817871094,0.0
1,0.7356001734733582,0.7341772317886353
0,0.17697040736675262,0.011695906519889832
0,0.6277408003807068,0.5697674751281738
0,0.3907988369464874,0.10810811072587967
0,0.38288214802742004,0.08064515888690948
1,0.21738702058792114,0.009049774147570133
0,0.28499820828437805,0.02469135820865631
0,0.6930357813835144,0.682539701461792
0,0.3945199251174927,0.05932203307747841
0,0.17528273165225983,0.0
0,0.4750272035598755,0.5697673559188843
0,0.4360106587409973,0.07500000298023224
0,0.6249343156814575,0.5514019131660461
1,0.8022708892822266,0.9444444179534912
0,0.638420045375824,0.5
1,0.566105306148529,0.560693621635437
0,0.6027211546897888,0.3827160596847534
1,0.4152126610279083,0.09375
1,0.4545218050479889,0.20000000298023224
0,0.16336333751678467,0.008130080997943878
1,0.24271637201309204,0.04672897234559059
1,0.15129755437374115,0.0
0,0.26618027687072754,0.01764705963432789
0,0.5370028018951416,0.2976190447807312
1,0.2546326816082001,0.0
0,0.13455767929553986,0.0
1,0.5614067316055298,0.3913043439388275
0,0.2523672580718994,0.0
0,0.6563809514045715,0.6018518805503845
1,0.6219616532325745,0.584905743598938
1,0.800697922706604,0.8399999737739563
1,0.8050752282142639,0.9444444179534912
0,0.4330446422100067,0.5060241222381592
0,0.04659188538789749,0.0
0,0.21198098361492157,0.0892857164144516
0,0.05553140491247177,0.0
0,0.36250656843185425,0.0555555559694767
0,0.0496273897588253,0.0
0,0.07264239341020584,0.0
0,0.43784117698669434,0.23728813230991364
0,0.21401770412921906,0.022058824077248573
1,0.5019069910049438,0.125
0,0.46055370569229126,0.05226480960845947
0,0.5134486556053162,0.14705882966518402
1,0.5689840912818909,0.4591836631298065
1,0.7275205850601196,0.7058823704719543
1,0.23543374240398407,0.0
0,0.03596055135130882,0.0
0,0.09825162589550018,0.0
1,0.49485769867897034,0.28985506296157837
1,0.6229814887046814,0.584905743598938
0,0.3720335364341736,0.18238992989063263
0,0.21660210192203522,0.022727273404598236
1,0.20732417702674866,0.0
1,0.6783433556556702,0.682539701461792
1,0.56510990858078,0.5426356792449951
1,0.22629931569099426,0.04672897234559059
0,0.17708808183670044,0.022058824077248573
0,0.27430298924446106,0.01764705963432789
1,0.6378331184387207,0.584905743598938
0,0.20955972373485565,0.007352941203862429
0,0.3167676627635956,0.0
0,0.33727532625198364,0.04494382068514824
0,0.7190837860107422,0.7341772317886353
0,0.281222939491272,0.0555555559694767
0,0.30680301785469055,0.19230769574642181
0,0.042797721922397614,0.0
0,0.2383502721786499,0.0
1,0.4722449481487274,0.32549020648002625
1,0.9155319333076477,1.0
0,0.4781239926815033,0.32549020648002625
0,0.48996108770370483,0.3361344635486603
1,0.645632266998291,0.5697674751281738
1,0.5056518912315369,0.40883979201316833
0,0.5980417132377625,0.5426356792449951
0,0.5793727040290833,0.3291139304637909
1,0.7104814648628235,0.7250000238418579
1,0.727324366569519,0.7341772317886353
1,0.5026460289955139,0.125
0,0.48807787895202637,0.5697673559188843
1,0.7203304171562195,0.6944444179534912
0,0.4312395453453064,0.145454540848732
0,0.7085544466972351,0.682539701461792
0,0.13260482251644135,0.0
1,0.7101396322250366,0.9615384340286255
0,0.5192623138427734,0.3888888955116272
0,0.4823099672794342,0.2500000298023224
0,0.3503544330596924,0.00803212821483612
0,0.3712368607521057,0.06779661029577255
1,0.34793421626091003,0.021978022530674934
1,0.7385700941085815,0.6944444179534912
1,0.5229820013046265,0.46391749382019043
0,0.11867931485176086,0.0
0,0.27907535433769226,0.028708133846521378
0,0.04978858307003975,0.0
0,0.05639103800058365,0.0
0,0.10925206542015076,0.0
0,0.23776239156723022,0.0892857164144516
0,0.10424740612506866,0.0
0,0.15554417669773102,0.0
0,0.30353817343711853,0.06410256773233414
0,0.5483900904655457,0.2976190447807312
0,0.591969907283783,0.46391749382019043
0,0.40768951177597046,0.05932203307747841
0,0.2759801745414734,0.012048192322254181
1,0.11110562831163406,0.0
0,0.23631085455417633,0.0892857164144516
0,0.08950687199831009,0.0
0,0.11506462842226028,0.0
0,0.4809657335281372,0.32549020648002625
0,0.2535972595214844,0.02469135820865631
1,0.5127090215682983,0.3361344635486603
0,0.3343963027000427,0.125
0,0.24505940079689026,0.009049774147570133
1,0.21511898934841156,0.0892857164144516
0,0.1570080816745758,0.0
1,0.34879815578460693,0.021978022530674934
1,0.37246575951576233,0.05932203307747841
0,0.06849931180477142,0.0
0,0.24996572732925415,0.028708133846521378
0,0.25764021277427673,0.0
0,0.6021783351898193,0.560693621635437
1,0.525290846824646,0.1666666716337204
1,0.6618451476097107,0.6145251393318176
0,0.21844883263111115,0.022727273404598236
1,0.5046602487564087,0.13333334028720856
0,0.34395965933799744,0.04494382068514824
1,0.43810340762138367,0.07500000298023224
0,0.4963410198688507,0.125
0,0.289578378200531,0.014925372786819935
0,0.43029385805130005,0.07692307978868484
0,0.5874192118644714,0.4591836631298065
0,0.16664667427539825,0.0
1,0.8092091083526611,0.9444444179534912
0,0.8369573950767517,0.9599999785423279
0,0.6786901950836182,0.7142857313156128
0,0.8734469413757324,0.8571428656578064
0,0.4745613932609558,0.17241379618644714
0,0.7408557534217834,0.7857142686843872
0,0.43058523535728455,0.07692307978868484
0,0.44982779026031494,0.5697673559188843
1,0.3153640031814575,0.014925372786819935
1,0.5168889760971069,0.3194444477558136
0,0.45811161398887634,0.11764705926179886
0,0.2257852405309677,0.01764705963432789
0,0.5963719487190247,0.560693621635437
0,0.605401873588562,0.5514019131660461
0,0.23503276705741882,0.04672897234559059
0,0.03881368413567543,0.0
0,0.21994487941265106,0.0892857164144516
0,0.3025956451892853,0.0555555559694767
0,0.07997018843889236,0.0
0,0.1092824712395668,0.007017544005066156
0,0.3200458288192749,0.04494382068514824
1,0.31686434149742126,0.00803212821483612
0,0.4615562856197357,0.1666666716337204
0,0.21067149937152863,0.028708133846521378
0,0.4278111457824707,0.17241379618644714
0,0.473611980676651,0.5697673559188843
0,0.2024141252040863,0.023391813039779663
0,0.057883262634277344,0.0
0,0.6672570705413818,0.6018518805503845
1,0.4050183892250061,0.42307692766189575
0,0.17230583727359772,0.0
1,0.38380149006843567,0.10526315867900848
0,0.429170161485672,0.05932203307747841
0,0.46920695900917053,0.1666666716337204
0,0.49026036262512207,0.3361344635486603
0,0.5890368819236755,0.5426356792449951
1,0.699042022228241,0.6018518805503845
0,0.06889622658491135,0.0
0,0.17592349648475647,0.022058824077248573
0,0.2535042464733124,0.028708133846521378
0,0.5200979709625244,0.3194444477558136
0,0.3127534091472626,0.12068965286016464
0,0.43937912583351135,0.145454540848732
1,0.46319127082824707,0.32549020648002625
0,0.2725699543952942,0.014925372786819935
0,0.13226258754730225,0.0
0,0.5977414846420288,0.46391749382019043
0,0.6122275590896606,0.5
0,0.4359423816204071,0.11538461595773697
1,0.5940409302711487,0.46391749382019043
0,0.8372553586959839,0.9692307710647583
1,0.3945353627204895,0.18238992989063263
0,0.791472852230072,0.8837209343910217
1,0.7340547442436218,0.7341772317886353
1,0.40973687171936035,0.5056662559509277
0,0.5983348488807678,0.560693621635437
0,0.5079625248908997,0.24390244483947754
0,0.6072120070457458,0.5
0,0.06571885198354721,0.0
0,0.5745466351509094,0.44230765104293823
0,0.16303907334804535,0.008130080997943878
0,0.16496393084526062,0.008130080997943878
1,0.8546999096870422,0.9692307710647583
0,0.16035579144954681,0.0
0,0.10235141962766647,0.0
1,0.7058097124099731,0.6018518805503845
1,0.15534396469593048,0.0
0,0.21513046324253082,0.04672897234559059
0,0.2507966458797455,0.04672897234559059
0,0.3665331304073334,0.08064515888690948
0,0.40486598014831543,0.10810811072587967
0,0.5975503921508789,0.4591836631298065
0,0.5383773446083069,0.46391749382019043
0,0.08224669098854065,0.0
0,0.4694851338863373,0.32549020648002625
0,0.23806065320968628,0.04672897234559059
1,0.5232668519020081,0.1666666716337204
0,0.2144162505865097,0.0
0,0.08694548159837723,0.0
0,0.5689426064491272,0.560693621635437
0,0.5205584764480591,0.14705882966518402
0,0.5122885704040527,0.12598425149917603
0,0.4736200273036957,0.3199999928474426
1,0.3596450984477997,0.08771929889917374
0,0.29549700021743774,0.0
1,0.4189869463443756,0.09375
0,0.14259587228298187,0.0
0,0.31657662987709045,0.0
0,0.5604912042617798,0.3448275923728943
0,0.6352677941322327,0.5
0,0.15735362470149994,0.008130080997943878
1,0.7193745374679565,0.6428571343421936
1,0.8698819875717163,0.9692307710647583
1,0.6176437139511108,0.5
1,0.8195329308509827,0.8085106611251831
0,0.3737885653972626,0.09836065769195557
0,0.4314456582069397,0.07692307978868484
0,0.16637693345546722,0.0
0,0.2089172750711441,0.0
0,0.2078966498374939,0.0
0,0.47025996446609497,0.3199999928474426
0,0.12170356512069702,0.0
0,0.30608704686164856,0.0555555559694767
0,0.32189735770225525,0.0555555559694767
1,0.24955709278583527,0.02469135820865631
1,0.32896852493286133,0.0555555559694767
0,0.8128442764282227,0.8085106611251831
0,0.0830448716878891,0.0
0,0.33930468559265137,0.0555555559694767
0,0.772870659828186,0.8148148059844971
1,0.8466379046440125,0.8541666865348816
1,0.5170256495475769,0.2222222238779068
1,0.647053062915802,0.9113923907279968
1,0.6259914040565491,0.5714285969734192
0,0.763756513595581,0.7058823704719543
1,0.4861263632774353,0.32549020648002625
0,0.02578560635447502,0.0
0,0.35330450534820557,0.08465608209371567
0,0.4396078884601593,0.145454540848732
1,0.2977491319179535,0.012048192322254181
0,0.0754026472568512,0.0
0,0.5076470375061035,0.13333334028720856
0,0.1626998484134674,0.008130080997943878
1,0.4421963393688202,0.145454540848732
0,0.34158453345298767,0.1599999964237213
0,0.08917886018753052,0.0
0,0.18900029361248016,0.022058824077248573
1,0.3421282470226288,0.1599999964237213
0,0.099943146109581,0.0
0,0.3692716062068939,0.08771929889917374
0,0.6593562960624695,0.6145251393318176
0,0.4888668954372406,0.23076923191547394
1,0.6621243357658386,0.6483516693115234
0,0.4192994236946106,0.057851240038871765
0,0.5829063057899475,0.440000057220459
0,0.41749298572540283,0.05932203307747841
0,0.19699402153491974,0.0
0,0.5454673171043396,0.32549020648002625
0,0.20396718382835388,0.06451612710952759
0,0.5440524220466614,0.38775506615638733
0,0.38594064116477966,0.05226480960845947
0,0.41554462909698486,0.17741934955120087
0,0.2727714478969574,0.014925372786819935
1,0.5744931697845459,0.4591836631298065
0,0.5922449827194214,0.8115941882133484
1,0.6627463102340698,0.6018518805503845
0,0.2767127752304077,0.012048192322254181
0,0.08692840486764908,0.007017544005066156
0,0.04591991379857063,0.0
0,0.3330395817756653,0.01666666753590107
0,0.5003629922866821,0.125
0,0.2010241597890854,0.0
0,0.009512538090348244,0.0
0,0.2800409495830536,0.07975459843873978
0,0.549902617931366,0.290909081697464
1,0.36251696944236755,0.06779661029577255
0,0.29877498745918274,0.02469135820865631
0,0.33862006664276123,0.00803212821483612
1,0.6490168571472168,0.9113923907279968
0,0.2733848989009857,0.028708133846521378
1,0.40977710485458374,0.13333334028720856
0,0.2999977469444275,0.06410256773233414
0,0.24000053107738495,0.0
0,0.32758215069770813,0.021978022530674934
0,0.36481624841690063,0.00803212821483612
0,0.23480196297168732,0.009049774147570133
0,0.19309183955192566,0.03846153989434242
0,0.05826370045542717,0.0
0,0.1812858134508133,0.011695906519889832
0,0.31091731786727905,0.0555555559694767
0,0.4733297824859619,0.12598425149917603
0,0.1956370770931244,0.023391813039779663
1,0.6265655159950256,0.6145251393318176
1,0.6436742544174194,0.5697674751281738
0,0.7798187732696533,0.8492063283920288
0,0.14180819690227509,0.008130080997943878
1,0.637482762336731,0.6145251393318176
0,0.12231536954641342,0.007017544005066156
1,0.3684154152870178,0.06779661029577255
0,0.1496310830116272,0.0
1,0.1611986756324768,0.011695906519889832
0,0.0930061861872673,0.0
1,0.5186174511909485,0.32549020648002625
1,0.4462202191352844,0.23728813230991364
0,0.5872719883918762,0.3827160596847534
0,0.6618274450302124,0.6018518805503845
0,0.6061965227127075,0.5426356792449951
1,0.5358079671859741,0.27272728085517883
1,0.5687941312789917,0.44230765104293823
0,0.38466677069664,0.260869562625885
1,0.4508567452430725,0.40883979201316833
0,0.6529728770256042,0.4761904776096344
0,0.3123127222061157,0.2112676054239273
1,0.5448733568191528,0.32549020648002625
0,0.15972596406936646,0.011695906519889832
0,0.22241218388080597,0.04672897234559059
0,0.3400975465774536,0.0555555559694767
1,0.6504313349723816,0.5555555820465088
1,0.8442492485046387,0.8888888955116272
0,0.6005586981773376,0.560693621635437
0,0.49473342299461365,0.12598425149917603
0,0.15127472579479218,0.0
0,0.4933333098888397,0.24390244483947754
0,0.08722230792045593,0.0
0,0.10421306639909744,0.0
0,0.8259778022766113,1.0
1,0.7921620607376099,0.8333333134651184
0,0.6720201969146729,0.6116505265235901
0,0.6599885821342468,0.9113923907279968
0,0.4651962220668793,0.25
0,0.25151515007019043,0.023391813039779663
0,0.1460394263267517,0.0
0,0.02660192921757698,0.0
0,0.4586729407310486,0.145454540848732
0,0.12353256344795227,0.0
1,0.6684914231300354,0.4791666567325592
0,0.2547032833099365,0.02469135820865631
0,0.08946668356657028,0.0
0,0.10120154917240143,0.0
0,0.15627062320709229,0.0
1,0.4144221842288971,0.18238992989063263
0,0.5133135318756104,0.32549020648002625
0,0.08388683199882507,0.0
0,0.11084671318531036,0.0
0,0.14320515096187592,0.0
0,0.5040856003761292,0.125
0,0.3459254503250122,0.0555555559694767
0,0.09826623648405075,0.0
0,0.5228935480117798,0.6349206566810608
1,0.19963926076889038,0.0
0,0.43547937273979187,0.19117647409439087
1,0.3503354787826538,0.0714285746216774
0,0.09683878719806671,0.0
0,0.5020895004272461,0.40883979201316833
1,0.5463811159133911,0.290909081697464
0,0.6036654114723206,0.440000057220459
0,0.2573769688606262,0.0555555559694767
1,0.6130954027175903,0.5
0,0.47712644934654236,0.3361344635486603
0,0.3934628665447235,0.057851240038871765
1,0.2586061656475067,0.009049774147570133
0,0.13534928858280182,0.0
0,0.31267082691192627,0.12068965286016464
0,0.83835369348526,0.8541666865348816
0,0.19800333678722382,0.04624710604548454
0,0.6572265028953552,0.4761904776096344
0,0.750933825969696,0.7857142686843872
0,0.14984633028507233,0.0
0,0.32797595858573914,0.021978022530674934
0,0.5178283452987671,0.14705882966518402
0,0.17407818138599396,0.0
0,0.20575448870658875,0.022058824077248573
0,0.41311633586883545,0.5060241222381592
0,0.3119604289531708,0.06410256773233414
1,0.19697867333889008,0.023391813039779663
0,0.46299436688423157,0.20000000298023224
1,0.5955923199653625,0.3827160596847534
0,0.26980194449424744,0.00803212821483612
1,0.43602535128593445,0.145454540848732
1,0.5783938765525818,0.5426356792449951
0,0.6533486843109131,0.6116505265235901
0,0.7726964950561523,1.0
0,0.9169713258743286,1.0
0,0.512504518032074,0.3361344635486603
1,0.7132757902145386,0.7560975551605225
1,0.7275456786155701,0.7058823704719543
1,0.7999722957611084,0.8333333134651184
1,0.559354841709137,0.5
1,0.36431804299354553,0.25088876485824585
0,0.6219329237937927,0.5714285969734192
0,0.3751559257507324,0.08465608209371567
0,0.6656442284584045,0.6018518805503845
0,0.2664391100406647,0.012048192322254181
0,0.16589288413524628,0.0
0,0.4434279203414917,0.20000000298023224
1,0.4171510934829712,0.09375
1,0.24551238119602203,0.009049774147570133
0,0.44968974590301514,0.23728813230991364
0,0.6310549974441528,0.6145251393318176
1,0.5925145149230957,0.5199999809265137
0,0.027458777651190758,0.0
0,0.22061064839363098,0.022727273404598236
0,0.1128929853439331,0.0
0,0.1682427078485489,0.0
0,0.11109700798988342,0.0
0,0.32653072476387024,0.0625
0,0.10737141966819763,0.0
0,0.13546131551265717,0.0
0,0.8784238696098328,0.8571428656578064
0,0.18182940781116486,0.0
0,0.09821582585573196,0.0
1,0.6819925308227539,0.682539701461792
0,0.5237258672714233,0.46391749382019043
1,0.17705138027668,0.0
0,0.21600259840488434,0.023391813039779663
0,0.16462136805057526,0.0
0,0.38839536905288696,0.05932203307747841
